names,scores,logfoldchanges,pvals,pvals_adj,pct_nz_group,group,contrast
ELL2,10.69765,1.7290763,1.0439266761889244e-26,3.820876027519082e-22,0.9893617021276596,4/4,APOE4_vs_APOE3_LAM
NAMPT,8.95568,2.1889894,3.376484080263266e-19,4.636290921915343e-15,0.8882978723404256,4/4,APOE4_vs_APOE3_LAM
SYTL3,8.942631,2.1953337,3.8001346317712716e-19,4.636290921915343e-15,0.8404255319148937,4/4,APOE4_vs_APOE3_LAM
UBXN2B,8.509314,1.5716008,1.7496651927203446e-17,1.6009873929689334e-13,0.8297872340425532,4/4,APOE4_vs_APOE3_LAM
BASP1,8.114393,1.9461296,4.882197077148982e-16,3.3076027443282178e-12,0.7819148936170213,4/4,APOE4_vs_APOE3_LAM
ACSL1,8.101644,0.9742276,5.422151434651869e-16,3.3076027443282178e-12,0.9627659574468085,4/4,APOE4_vs_APOE3_LAM
PFKFB3,7.89031,1.4858083,3.0143780629964785e-15,1.5761321640533446e-11,0.9361702127659575,4/4,APOE4_vs_APOE3_LAM
EPB41L3,7.5043883,1.5622033,6.17160314666602e-14,2.823585584639038e-10,0.8617021276595744,4/4,APOE4_vs_APOE3_LAM
FAM110B,7.4392934,2.1439276,1.0122532302590278e-13,4.116608942301186e-10,0.675531914893617,4/4,APOE4_vs_APOE3_LAM
RAB1A,7.3154025,0.8954229,2.5661083697312804e-13,9.39221324405346e-10,0.9521276595744681,4/4,APOE4_vs_APOE3_LAM
DPYD,7.21326,1.1986141,5.462786411065722e-13,1.750863455382223e-09,0.9148936170212766,4/4,APOE4_vs_APOE3_LAM
IRAK3,7.2065105,1.324473,5.740379078327553e-13,1.750863455382223e-09,0.851063829787234,4/4,APOE4_vs_APOE3_LAM
DOCK4,7.146965,0.5602138,8.871734870959595e-13,2.497802830861478e-09,1.0,4/4,APOE4_vs_APOE3_LAM
PAPOLG,7.057722,1.6005743,1.6925436855561565e-12,4.424913673931492e-09,0.7393617021276596,4/4,APOE4_vs_APOE3_LAM
ERO1A,7.0205245,1.4966698,2.2103662172171637e-12,5.317900803250753e-09,0.7712765957446809,4/4,APOE4_vs_APOE3_LAM
PTK2B,7.0134754,1.7786444,2.3247018620259567e-12,5.317900803250753e-09,0.6914893617021277,4/4,APOE4_vs_APOE3_LAM
LDLRAD4,6.841738,1.1427851,7.823805668418805e-12,1.664128298330934e-08,0.9574468085106383,4/4,APOE4_vs_APOE3_LAM
CHD1,6.8175898,1.3397195,9.25804972901461e-12,1.783441463850862e-08,0.8085106382978723,4/4,APOE4_vs_APOE3_LAM
BCAT1,6.7796426,1.626747,1.204734532820059e-11,2.204724431787349e-08,0.7819148936170213,4/4,APOE4_vs_APOE3_LAM
PRKAG2,6.7302966,0.9917572,1.6931782954745493e-11,2.95104851393638e-08,0.9095744680851063,4/4,APOE4_vs_APOE3_LAM
GNA13,6.669851,1.1144211,2.560634119348317e-11,4.260080427375807e-08,0.9308510638297872,4/4,APOE4_vs_APOE3_LAM
BNC2,6.55286,1.3146852,5.6445556270678276e-11,8.347298549053039e-08,0.9042553191489362,4/4,APOE4_vs_APOE3_LAM
GPD2,6.5513597,1.300973,5.70155087911057e-11,8.347298549053039e-08,0.824468085106383,4/4,APOE4_vs_APOE3_LAM
FOSL2,6.427619,1.8584684,1.296180850550488e-10,1.7710122356208943e-07,0.6170212765957447,4/4,APOE4_vs_APOE3_LAM
FAM13A,6.4264193,1.4621221,1.306448740792988e-10,1.7710122356208943e-07,0.9148936170212766,4/4,APOE4_vs_APOE3_LAM
FMNL2,6.4205694,0.85352975,1.3576540896319935e-10,1.7746963333793068e-07,0.9680851063829787,4/4,APOE4_vs_APOE3_LAM
LPCAT1,6.2974286,1.4774,3.026233234766477e-10,3.819419400885787e-07,0.7074468085106383,4/4,APOE4_vs_APOE3_LAM
SDCBP,6.214635,1.17412,5.14440970567492e-10,6.276351321246925e-07,0.851063829787234,4/4,APOE4_vs_APOE3_LAM
SLC11A1,6.2060857,1.1693805,5.432059268463316e-10,6.413509718871801e-07,0.9095744680851063,4/4,APOE4_vs_APOE3_LAM
PDE4B,6.198886,1.361867,5.686414317883706e-10,6.504014076526922e-07,0.8031914893617021,4/4,APOE4_vs_APOE3_LAM
SIPA1L1,5.949155,1.127996,2.6953057187283366e-09,2.818596703176453e-06,0.8457446808510638,4/4,APOE4_vs_APOE3_LAM
FHIT,5.8740106,0.8668224,4.253765033849253e-09,4.32477927788657e-06,0.9095744680851063,4/4,APOE4_vs_APOE3_LAM
LINC02649,5.8224144,1.4961504,5.8003535913334294e-09,5.737803832334996e-06,0.6436170212765957,4/4,APOE4_vs_APOE3_LAM
PLSCR1,5.74997,1.1243596,8.925942007315966e-09,8.399205277010116e-06,0.7819148936170213,4/4,APOE4_vs_APOE3_LAM
IQGAP2,5.74952,1.6792908,8.949728308062472e-09,8.399205277010116e-06,0.6276595744680851,4/4,APOE4_vs_APOE3_LAM
RAPGEF1,5.6706257,0.6651768,1.422769493953993e-08,1.2701167377612219e-05,0.9893617021276596,4/4,APOE4_vs_APOE3_LAM
ADAM28,5.6224794,0.8892353,1.882361444569072e-08,1.640388362682681e-05,0.9468085106382979,4/4,APOE4_vs_APOE3_LAM
MFSD1,5.6179795,1.1286763,1.9320327896858044e-08,1.6445193519834915e-05,0.7819148936170213,4/4,APOE4_vs_APOE3_LAM
BNIP3L,5.580632,1.1695669,2.3964562512731575e-08,1.9934703466556554e-05,0.8617021276595744,4/4,APOE4_vs_APOE3_LAM
FAM162A,5.545385,1.4731041,2.9330797088265473e-08,2.3538651135774318e-05,0.6648936170212766,4/4,APOE4_vs_APOE3_LAM
PDK3,5.543885,1.1707262,2.958328876931282e-08,2.3538651135774318e-05,0.6914893617021277,4/4,APOE4_vs_APOE3_LAM
PLAUR,5.4058957,1.4586163,6.448539022205323e-08,4.8167954439130006e-05,0.5851063829787234,4/4,APOE4_vs_APOE3_LAM
SH3BP5,5.384297,1.5815048,7.272828754624551e-08,5.323856104960264e-05,0.5585106382978723,4/4,APOE4_vs_APOE3_LAM
SPAG9,5.373798,0.9022031,7.709526856827005e-08,5.449095727868434e-05,0.8138297872340425,4/4,APOE4_vs_APOE3_LAM
ATP13A3,5.373048,1.2197498,7.741673119563907e-08,5.449095727868434e-05,0.7872340425531915,4/4,APOE4_vs_APOE3_LAM
NGLY1,5.360899,1.1491075,8.280887357717679e-08,5.718655814713675e-05,0.723404255319149,4/4,APOE4_vs_APOE3_LAM
GRB2,5.3435,0.7826493,9.116874847991002e-08,6.17938400576516e-05,0.9148936170212766,4/4,APOE4_vs_APOE3_LAM
PLXNC1,5.306303,1.9299297,1.1187097572636368e-07,7.44470833192843e-05,0.44680851063829785,4/4,APOE4_vs_APOE3_LAM
SRGN,5.2944536,0.862581,1.1937264239636e-07,7.665189621665214e-05,0.9042553191489362,4/4,APOE4_vs_APOE3_LAM
PGK1,5.200261,1.0459597,1.990089996361811e-07,0.00012558497233937697,0.8351063829787234,4/4,APOE4_vs_APOE3_LAM
MAN2A1,5.196361,1.0642865,2.0322724253746933e-07,0.0001260732254934562,0.7606382978723404,4/4,APOE4_vs_APOE3_LAM
RNMT,5.1632137,1.0722347,2.427458046174096e-07,0.00014565146220986574,0.7925531914893617,4/4,APOE4_vs_APOE3_LAM
PLEKHA2,5.149265,0.8649731,2.6150961643629465e-07,0.00015425393752585906,0.8031914893617021,4/4,APOE4_vs_APOE3_LAM
DMXL2,5.1464148,1.2573882,2.6551181836914625e-07,0.00015425393752585906,0.6595744680851063,4/4,APOE4_vs_APOE3_LAM
TFRC,5.07832,1.5634612,3.8078694698403136e-07,0.00021441820071634664,0.601063829787234,4/4,APOE4_vs_APOE3_LAM
HK2,5.0705204,1.0373534,3.9672899547929607e-07,0.00022001027217481386,0.7446808510638298,4/4,APOE4_vs_APOE3_LAM
GNA12,5.0637712,1.3444493,4.1104316960308255e-07,0.0002245461350842153,0.6063829787234043,4/4,APOE4_vs_APOE3_LAM
MYO10,5.038423,1.6104228,4.693832080067342e-07,0.0002489839825544127,0.4946808510638298,4/4,APOE4_vs_APOE3_LAM
IMMP2L,5.024624,0.845053,5.044197471541786e-07,0.00026374667379414416,0.898936170212766,4/4,APOE4_vs_APOE3_LAM
KCNMA1,4.997326,1.3095946,5.813073069979847e-07,0.00029966801047089065,0.925531914893617,4/4,APOE4_vs_APOE3_LAM
SBF2,4.9523296,0.5574363,7.333032480966754e-07,0.0003626977322106273,0.9308510638297872,4/4,APOE4_vs_APOE3_LAM
GBE1,4.9278812,1.0167743,8.312610686375565e-07,0.00039512969315848317,0.8776595744680851,4/4,APOE4_vs_APOE3_LAM
ZNF292,4.920682,0.52252775,8.624324784734333e-07,0.00039956824233678643,0.9042553191489362,4/4,APOE4_vs_APOE3_LAM
UGCG,4.8668356,0.80970526,1.1339915199963402e-06,0.0005000629352215186,0.8457446808510638,4/4,APOE4_vs_APOE3_LAM
GTF2IRD1,4.859186,1.355958,1.1786912158644086e-06,0.0005075444375512143,0.5797872340425532,4/4,APOE4_vs_APOE3_LAM
REL,4.851837,0.7676424,1.2232317069203915e-06,0.0005196995709640356,0.8297872340425532,4/4,APOE4_vs_APOE3_LAM
RLF,4.849887,0.7946011,1.2353176873274254e-06,0.0005196995709640356,0.8829787234042553,4/4,APOE4_vs_APOE3_LAM
ARHGAP26,4.837438,0.40626103,1.3152337231664377e-06,0.000540886174175447,0.973404255319149,4/4,APOE4_vs_APOE3_LAM
ABHD12,4.8242393,1.0592409,1.4053880490540973e-06,0.0005715400887047668,0.7127659574468085,4/4,APOE4_vs_APOE3_LAM
ARL17B,4.8204894,1.4060326,1.4320654081721856e-06,0.0005759892967528589,0.5372340425531915,4/4,APOE4_vs_APOE3_LAM
QKI,4.782092,0.46540835,1.7348009778597039e-06,0.0006754835169217343,0.9893617021276596,4/4,APOE4_vs_APOE3_LAM
GK,4.7736926,1.2075282,1.8087822482529744e-06,0.0006968762007190223,0.7393617021276596,4/4,APOE4_vs_APOE3_LAM
AFF4,4.7618437,0.8516372,1.9183225325261768e-06,0.0007313804480519854,0.7925531914893617,4/4,APOE4_vs_APOE3_LAM
TANC2,4.650852,0.7500121,3.3056651826059793e-06,0.0011861828563584456,0.9308510638297872,4/4,APOE4_vs_APOE3_LAM
SORT1,4.5758576,0.974462,4.742730746235266e-06,0.0015638620544410537,0.7553191489361702,4/4,APOE4_vs_APOE3_LAM
P4HA1,4.5662584,0.6889515,4.965068674151448e-06,0.0016093494256711166,0.898936170212766,4/4,APOE4_vs_APOE3_LAM
SAMSN1,4.559209,0.93143624,5.134668917378808e-06,0.0016342088438694067,0.8031914893617021,4/4,APOE4_vs_APOE3_LAM
LINC00486,4.5068626,1.0858957,6.5793156152772934e-06,0.002058201118245848,0.6223404255319149,4/4,APOE4_vs_APOE3_LAM
ZNF331,4.503863,1.2609459,6.672923683781767e-06,0.002069793896187258,0.6170212765957447,4/4,APOE4_vs_APOE3_LAM
TBC1D8,4.4978633,1.0623525,6.863976115342015e-06,0.0021111629394759083,0.648936170212766,4/4,APOE4_vs_APOE3_LAM
MAP3K2,4.4959135,0.70824474,6.9271868197869725e-06,0.002112849706591858,0.8404255319148937,4/4,APOE4_vs_APOE3_LAM
NSMAF,4.452417,0.93745935,8.49091294814378e-06,0.002506257296895246,0.7287234042553191,4/4,APOE4_vs_APOE3_LAM
TET2,4.4455175,0.63334525,8.768060198881456e-06,0.0025673581707140814,0.8457446808510638,4/4,APOE4_vs_APOE3_LAM
GAB2,4.40847,0.583222,1.0410337620335205e-05,0.0030002265137156602,0.9202127659574468,4/4,APOE4_vs_APOE3_LAM
MALT1,4.3717227,1.0284323,1.2326992712051714e-05,0.0034486944997318887,0.675531914893617,4/4,APOE4_vs_APOE3_LAM
ADAM9,4.369923,0.8537184,1.2429034956372428e-05,0.0034486944997318887,0.7606382978723404,4/4,APOE4_vs_APOE3_LAM
EPSTI1,4.365723,1.3627224,1.2670277438571847e-05,0.0034607822726057326,0.48404255319148937,4/4,APOE4_vs_APOE3_LAM
TTC7A,4.339775,1.0164552,1.4262850363352693e-05,0.0037828593199208107,0.6542553191489362,4/4,APOE4_vs_APOE3_LAM
TNFRSF1B,4.331976,0.7537152,1.4777715399273539e-05,0.0038912169879770564,0.851063829787234,4/4,APOE4_vs_APOE3_LAM
TLR2,4.3250766,0.84493995,1.524790303263944e-05,0.003979675351069726,0.8457446808510638,4/4,APOE4_vs_APOE3_LAM
PADI2,4.3114276,0.84507304,1.6220404167828244e-05,0.004180866288356912,0.8776595744680851,4/4,APOE4_vs_APOE3_LAM
NEAT1,4.3024282,0.3445229,1.6893652978894424e-05,0.00432394820056304,1.0,4/4,APOE4_vs_APOE3_LAM
LIMD1,4.290729,1.0003401,1.7808758513203957e-05,0.004495299105805366,0.7287234042553191,4/4,APOE4_vs_APOE3_LAM
UBA6,4.2871294,0.9385556,1.8099702664341372e-05,0.004537446693270949,0.675531914893617,4/4,APOE4_vs_APOE3_LAM
ESYT2,4.28248,0.94767916,1.8482211958026272e-05,0.004601819318882446,0.7287234042553191,4/4,APOE4_vs_APOE3_LAM
GPCPD1,4.27423,0.9096532,1.917988214648091e-05,0.004743262611103702,0.6914893617021277,4/4,APOE4_vs_APOE3_LAM
PCSK5,4.259681,1.1528522,2.0471862640856555e-05,0.005028796271932825,0.574468085106383,4/4,APOE4_vs_APOE3_LAM
MXI1,4.209435,1.1240196,2.560100556674874e-05,0.006124329442801116,0.5638297872340425,4/4,APOE4_vs_APOE3_LAM
USP36,4.2034354,1.166558,2.628941251349683e-05,0.006248173944198036,0.5691489361702128,4/4,APOE4_vs_APOE3_LAM
KYNU,4.178687,1.2122736,2.9319645371991855e-05,0.006879027822181243,0.5691489361702128,4/4,APOE4_vs_APOE3_LAM
FAM210A,4.1762877,1.0320046,2.9630528340514072e-05,0.006907687692937296,0.6436170212765957,4/4,APOE4_vs_APOE3_LAM
UBASH3B,4.159339,1.0732826,3.191702249420554e-05,0.007393638862724158,0.6436170212765957,4/4,APOE4_vs_APOE3_LAM
SEC14L1,4.1219916,0.86372244,3.7561096082904553e-05,0.008646375331637672,0.8191489361702128,4/4,APOE4_vs_APOE3_LAM
RBPJ,4.089594,0.75039375,4.321289417036494e-05,0.009763179873639057,0.8723404255319149,4/4,APOE4_vs_APOE3_LAM
RASSF3,4.0676956,1.0499103,4.748034387120778e-05,0.010661521877485128,0.648936170212766,4/4,APOE4_vs_APOE3_LAM
ATF6,4.0192494,0.55329263,5.838388086139337e-05,0.01271307234061305,0.8457446808510638,4/4,APOE4_vs_APOE3_LAM
RPS6KA3,4.0168495,0.5743794,5.898138218595527e-05,0.01271307234061305,0.7712765957446809,4/4,APOE4_vs_APOE3_LAM
CAPN7,4.0151997,0.9184192,5.939551843514744e-05,0.01271307234061305,0.6223404255319149,4/4,APOE4_vs_APOE3_LAM
AUH,4.01055,0.9699679,6.057749505174069e-05,0.012890679630167216,0.601063829787234,4/4,APOE4_vs_APOE3_LAM
UBAP1,4.00365,0.9802636,6.237251212248661e-05,0.013086557600984643,0.5638297872340425,4/4,APOE4_vs_APOE3_LAM
CUX1,4.0029006,0.56586075,6.257062867605564e-05,0.013086557600984643,0.8882978723404256,4/4,APOE4_vs_APOE3_LAM
GPR183,3.9489045,1.2093366,7.850965818091471e-05,0.01596406666155366,0.5425531914893617,4/4,APOE4_vs_APOE3_LAM
ERGIC1,3.9339056,0.77907497,8.357660562666464e-05,0.01650645640265084,0.6648936170212766,4/4,APOE4_vs_APOE3_LAM
EGLN1,3.9318058,0.7071688,8.431016412334629e-05,0.01650645640265084,0.7021276595744681,4/4,APOE4_vs_APOE3_LAM
RNF144B,3.9310558,0.93122727,8.457362068236921e-05,0.01650645640265084,0.776595744680851,4/4,APOE4_vs_APOE3_LAM
LINC00278,3.930456,1.710053,8.478494586755437e-05,0.01650645640265084,0.3617021276595745,4/4,APOE4_vs_APOE3_LAM
THEMIS2,3.9252062,0.9518355,8.665544480024929e-05,0.01678135415414775,0.6329787234042553,4/4,APOE4_vs_APOE3_LAM
CD55,3.9235563,1.3624426,8.725132331614731e-05,0.016807819393127935,0.425531914893617,4/4,APOE4_vs_APOE3_LAM
YEATS2,3.902558,0.81201833,9.51814273195357e-05,0.018239452467656157,0.7712765957446809,4/4,APOE4_vs_APOE3_LAM
AUTS2,3.887859,0.62449485,0.00010113230919714963,0.019178982636916444,0.8723404255319149,4/4,APOE4_vs_APOE3_LAM
ARID1B,3.8706105,0.43354765,0.00010856318966311975,0.020377032332614595,0.8882978723404256,4/4,APOE4_vs_APOE3_LAM
MSR1,3.8172143,0.8508159,0.0001349668968568654,0.0242153107444026,0.7925531914893617,4/4,APOE4_vs_APOE3_LAM
PDE8A,3.7764175,0.71807146,0.0001591002743744347,0.02772966258275564,0.8670212765957447,4/4,APOE4_vs_APOE3_LAM
FNDC3A,3.7647183,0.6678099,0.0001667369496015773,0.028651357241161173,0.8031914893617021,4/4,APOE4_vs_APOE3_LAM
CCDC144A,3.7447698,1.0371752,0.00018055926019195398,0.030737904568770732,0.48404255319148937,4/4,APOE4_vs_APOE3_LAM
SLC25A37,3.7390702,0.6553776,0.0001847021361500317,0.031153377351277926,0.851063829787234,4/4,APOE4_vs_APOE3_LAM
PPP1CB,3.714622,0.7213735,0.00020350763376210737,0.03376401498043245,0.7393617021276596,4/4,APOE4_vs_APOE3_LAM
SNHG12,3.7075725,1.1431184,0.00020925545890223806,0.03449981554630998,0.48404255319148937,4/4,APOE4_vs_APOE3_LAM
RANBP2,3.6984231,0.7819655,0.0002169429197513881,0.035290345803646914,0.8297872340425532,4/4,APOE4_vs_APOE3_LAM
CTNNB1,3.6970735,0.5799098,0.00021809933322511653,0.03532147652819686,0.7872340425531915,4/4,APOE4_vs_APOE3_LAM
RREB1,3.660326,0.55295074,0.00025189445531334574,0.03985699605649257,0.776595744680851,4/4,APOE4_vs_APOE3_LAM
KANSL1,3.6574764,0.26583588,0.0002547107814260489,0.03985699605649257,0.8670212765957447,4/4,APOE4_vs_APOE3_LAM
SLC2A3,3.6567264,0.8036414,0.0002554568126531855,0.03985699605649257,0.7287234042553191,4/4,APOE4_vs_APOE3_LAM
PPP2R5C,3.6373777,0.674075,0.0002754277657706497,0.042535576603255486,0.723404255319149,4/4,APOE4_vs_APOE3_LAM
RASSF2,3.6336281,0.8774791,0.00027946359259212075,0.0427434681811847,0.5691489361702128,4/4,APOE4_vs_APOE3_LAM
EYA2,3.60843,1.858218,0.00030805561699205245,0.04639976805566302,0.2978723404255319,4/4,APOE4_vs_APOE3_LAM
ATP9B,3.6036303,0.59643614,0.000313803259343172,0.04707177498040754,0.7340425531914894,4/4,APOE4_vs_APOE3_LAM
SNCA,3.596581,0.8790303,0.00032242736502299384,0.04788825701040104,0.6223404255319149,4/4,APOE4_vs_APOE3_LAM
RAB21,3.528336,0.88148445,0.00041818100672900727,0.05909591902427952,0.5212765957446809,4/4,APOE4_vs_APOE3_LAM
C9orf72,3.5218863,0.7979993,0.0004284876066546397,0.06019047783809207,0.5691489361702128,4/4,APOE4_vs_APOE3_LAM
SLC25A36,3.5175369,0.9130216,0.00043557196246581386,0.06082044163743087,0.5425531914893617,4/4,APOE4_vs_APOE3_LAM
FRMD4B,3.5155869,0.7350232,0.00043878307222914746,0.06082044163743087,0.7978723404255319,4/4,APOE4_vs_APOE3_LAM
PPARD,3.514087,0.59411514,0.0004412681792492702,0.06082044163743087,0.8297872340425532,4/4,APOE4_vs_APOE3_LAM
PRRC2C,3.5077875,0.5482357,0.00045184978460040514,0.06194065155864955,0.8351063829787234,4/4,APOE4_vs_APOE3_LAM
PRKCE,3.5046377,0.65434396,0.00045722894705814486,0.062444166758489406,0.7872340425531915,4/4,APOE4_vs_APOE3_LAM
PHF20,3.4921887,0.59770745,0.00047907968637001604,0.06446616029716529,0.7180851063829787,4/4,APOE4_vs_APOE3_LAM
TCF4,3.4794397,0.55702305,0.0005024635381542632,0.06663285492747893,0.7872340425531915,4/4,APOE4_vs_APOE3_LAM
BTAF1,3.4681904,0.57596225,0.0005239757342387309,0.06849298517454211,0.7393617021276596,4/4,APOE4_vs_APOE3_LAM
OGA,3.461291,0.5262927,0.0005375913606168099,0.06928303306315443,0.6861702127659575,4/4,APOE4_vs_APOE3_LAM
EIF2AK3,3.4114947,1.0875053,0.0006460775081824605,0.07961980766662033,0.44148936170212766,4/4,APOE4_vs_APOE3_LAM
KDM4B,3.3973958,0.590551,0.0006803049551092912,0.0827237264516783,0.8351063829787234,4/4,APOE4_vs_APOE3_LAM
SMCHD1,3.3691978,0.4964474,0.0007538728261872387,0.0889151862432148,0.723404255319149,4/4,APOE4_vs_APOE3_LAM
AKAP13,3.368898,0.38330847,0.0007546937495239094,0.0889151862432148,0.9468085106382979,4/4,APOE4_vs_APOE3_LAM
ATF3,3.356299,1.1686612,0.0007899315763761445,0.09207734276096581,0.43617021276595747,4/4,APOE4_vs_APOE3_LAM
HELZ,3.354799,0.42384246,0.0007942267883838615,0.09228411010043719,0.776595744680851,4/4,APOE4_vs_APOE3_LAM
MT-ND4,3.3501494,0.66486263,0.0008076800839920039,0.09321396178460997,0.7446808510638298,4/4,APOE4_vs_APOE3_LAM
ADCY3,3.3191016,1.4395142,0.0009030755232876053,0.10170297608569122,0.3191489361702128,4/4,APOE4_vs_APOE3_LAM
VEGFA,3.3057528,0.8847037,0.0009472166862046154,0.10569840832858271,0.5478723404255319,4/4,APOE4_vs_APOE3_LAM
PARP4,3.3038027,0.6742616,0.0009538290564933738,0.10577441028232977,0.6223404255319149,4/4,APOE4_vs_APOE3_LAM
PDK1,3.2888038,0.69875664,0.0010061409575746673,0.10880436384319782,0.6595744680851063,4/4,APOE4_vs_APOE3_LAM
WSB1,3.288354,0.37512827,0.0010077505899522981,0.10880436384319782,0.8776595744680851,4/4,APOE4_vs_APOE3_LAM
HIF1A,3.2687054,0.5806021,0.0010804072333787742,0.11495344520028057,0.9574468085106383,4/4,APOE4_vs_APOE3_LAM
GOLGA8A,3.259406,1.4175844,0.0011164572846378462,0.11810246553476825,0.30851063829787234,4/4,APOE4_vs_APOE3_LAM
DNM2,3.2507067,0.59044605,0.001151185281666817,0.12092052033179752,0.6914893617021277,4/4,APOE4_vs_APOE3_LAM
CREM,3.2502568,0.82091874,0.0011530084313487975,0.12092052033179752,0.5797872340425532,4/4,APOE4_vs_APOE3_LAM
MT-CO2,3.2405076,0.50380886,0.0011931712422519585,0.12369004118161929,0.7659574468085106,4/4,APOE4_vs_APOE3_LAM
CXCR4,3.2258086,0.82441235,0.0012561732211569894,0.12807018403221995,0.5638297872340425,4/4,APOE4_vs_APOE3_LAM
MAT2A,3.2232587,0.79268676,0.0012674098195019205,0.1287693315930009,0.5638297872340425,4/4,APOE4_vs_APOE3_LAM
RBM39,3.2226589,0.50921655,0.0012700671758988369,0.1287693315930009,0.8351063829787234,4/4,APOE4_vs_APOE3_LAM
CCNH,3.2103598,0.5129407,0.0013256893075653767,0.1333009734785724,0.8723404255319149,4/4,APOE4_vs_APOE3_LAM
ATP1B3,3.20661,0.93810856,0.00134308917612802,0.1334291200084351,0.6063829787234043,4/4,APOE4_vs_APOE3_LAM
RHOQ,3.1880114,0.53959864,0.0014325486372211837,0.14048558283676443,0.7287234042553191,4/4,APOE4_vs_APOE3_LAM
MANBA,3.170313,0.6074616,0.0015227492961783198,0.14612702780231154,0.7393617021276596,4/4,APOE4_vs_APOE3_LAM
NUP58,3.1698627,0.79993415,0.0015251092762624794,0.14612702780231154,0.526595744680851,4/4,APOE4_vs_APOE3_LAM
TBC1D9,3.1488643,0.92059386,0.0016390624245158822,0.15461681391676751,0.4734042553191489,4/4,APOE4_vs_APOE3_LAM
MT-ND3,3.1340156,0.7534114,0.0017243175305830917,0.16141111492806073,0.7287234042553191,4/4,APOE4_vs_APOE3_LAM
CEMIP2,3.1328156,0.7998173,0.0017313819068645352,0.16165895197231853,0.6276595744680851,4/4,APOE4_vs_APOE3_LAM
PHF21A,3.1301157,0.40976053,0.001747374167471603,0.16248980917456088,0.7446808510638298,4/4,APOE4_vs_APOE3_LAM
ITSN1,3.114067,0.8916679,0.0018452759271771208,0.1688473605265245,0.526595744680851,4/4,APOE4_vs_APOE3_LAM
JUNB,3.1116672,0.91697675,0.001860341153836213,0.16937897157104287,0.4627659574468085,4/4,APOE4_vs_APOE3_LAM
TRIO,3.1053677,0.25594124,0.0019004265808220677,0.17174694638189753,0.9148936170212766,4/4,APOE4_vs_APOE3_LAM
PIAS1,3.086319,0.3443522,0.002026512423540156,0.17872862943130904,0.8882978723404256,4/4,APOE4_vs_APOE3_LAM
UBE2B,3.0836194,0.73945236,0.0020449912599854576,0.1799248199680955,0.6595744680851063,4/4,APOE4_vs_APOE3_LAM
USP15,3.07402,0.38227445,0.0021119528804982145,0.18448588873297173,0.851063829787234,4/4,APOE4_vs_APOE3_LAM
WDR45B,3.0666704,0.7715037,0.0021645729917302995,0.18597543678479034,0.5478723404255319,4/4,APOE4_vs_APOE3_LAM
ARHGAP18,3.0633707,0.70629066,0.002188587053764373,0.1862894761740228,0.6436170212765957,4/4,APOE4_vs_APOE3_LAM
BIN1,3.061121,0.7417011,0.0022051000253582396,0.18682607876883547,0.5797872340425532,4/4,APOE4_vs_APOE3_LAM
CD163,3.0551214,0.9592627,0.0022496944371115913,0.18928980710970425,0.5053191489361702,4/4,APOE4_vs_APOE3_LAM
GOLGA4,3.0510716,0.40215632,0.0022802611747294527,0.1909836138587476,0.824468085106383,4/4,APOE4_vs_APOE3_LAM
DENND5A,3.047772,0.48102975,0.002305448190547866,0.19265230416037088,0.8457446808510638,4/4,APOE4_vs_APOE3_LAM
SH3PXD2B,3.046422,1.0593722,0.0023158252160605276,0.19307863037136988,0.39893617021276595,4/4,APOE4_vs_APOE3_LAM
KDM4C,3.0425224,0.49121138,0.002346044051945497,0.19421870540696,0.8723404255319149,4/4,APOE4_vs_APOE3_LAM
SLC26A3,3.0396726,1.7567823,0.002368354923154232,0.19523459131163973,0.2553191489361702,4/4,APOE4_vs_APOE3_LAM
CPA6,3.033073,2.4834964,0.0024207699743590354,0.19866054222312793,0.19148936170212766,4/4,APOE4_vs_APOE3_LAM
UTY,3.0045753,1.0336332,0.002659520266406226,0.2144077120500755,0.4148936170212766,4/4,APOE4_vs_APOE3_LAM
AC127502.2,3.0029254,1.0511304,0.0026739805749506,0.21458090367645305,0.35638297872340424,4/4,APOE4_vs_APOE3_LAM
INSIG1,2.9922762,1.565615,0.002769057067781601,0.22032664725624868,0.2712765957446808,4/4,APOE4_vs_APOE3_LAM
MT-ND1,2.9900262,0.6650535,0.0027895346001240873,0.2209951426388349,0.6117021276595744,4/4,APOE4_vs_APOE3_LAM
ADAMTS17,2.9882264,1.255566,0.002806016103151198,0.22134266248154524,0.3829787234042553,4/4,APOE4_vs_APOE3_LAM
ARHGAP15,2.9477293,0.4571923,0.0032011711182454426,0.24563116163291707,0.8829787234042553,4/4,APOE4_vs_APOE3_LAM
VPS26A,2.9429297,0.75247943,0.003251221449949315,0.2487912884631729,0.5212765957446809,4/4,APOE4_vs_APOE3_LAM
MYO9B,2.9292808,0.36168927,0.0033974733695656565,0.25692339421378635,0.8563829787234043,4/4,APOE4_vs_APOE3_LAM
MPHOSPH6,2.9223814,0.9714547,0.003473659679687168,0.26053159413161897,0.40425531914893614,4/4,APOE4_vs_APOE3_LAM
SEPTIN7,2.9201314,0.5376459,0.003498837196314391,0.2605371301365585,0.7021276595744681,4/4,APOE4_vs_APOE3_LAM
CHSY1,2.9198315,0.4109477,0.0035022067164062944,0.2605371301365585,0.7446808510638298,4/4,APOE4_vs_APOE3_LAM
UBAC2,2.9055827,0.5755412,0.0036657010181138333,0.26895849410683376,0.6914893617021277,4/4,APOE4_vs_APOE3_LAM
DDX3Y,2.8773847,1.2251172,0.004009864265685323,0.28619103210406593,0.30851063829787234,4/4,APOE4_vs_APOE3_LAM
PLIN2,2.860736,0.84921336,0.004226589269158672,0.29578851594737393,0.6329787234042553,4/4,APOE4_vs_APOE3_LAM
MT-ATP6,2.8482869,0.56769675,0.004395528353658665,0.30412236913470847,0.7393617021276596,4/4,APOE4_vs_APOE3_LAM
SRGAP1,2.8394375,0.48587784,0.004519314267944491,0.30918022714212395,0.8031914893617021,4/4,APOE4_vs_APOE3_LAM
VPS37A,2.8370378,0.84838855,0.004553423331116203,0.3109325510115376,0.43617021276595747,4/4,APOE4_vs_APOE3_LAM
TBC1D15,2.834338,0.7116989,0.004592074627874257,0.31298793939446123,0.5478723404255319,4/4,APOE4_vs_APOE3_LAM
PHIP,2.8232388,0.35474885,0.004754115474648042,0.32045189776720623,0.7340425531914894,4/4,APOE4_vs_APOE3_LAM
ZMYM2,2.8104897,0.23825808,0.004946617238233618,0.33038528747552676,0.776595744680851,4/4,APOE4_vs_APOE3_LAM
GABARAPL1,2.8052402,0.87889475,0.005027911257336888,0.3345937816905226,0.4308510638297872,4/4,APOE4_vs_APOE3_LAM
FOXP1,2.792191,0.49758986,0.005235243234699745,0.3471288725239952,0.7659574468085106,4/4,APOE4_vs_APOE3_LAM
ARID2,2.7764423,0.5520739,0.005495739786215982,0.3573069357975197,0.75,4/4,APOE4_vs_APOE3_LAM
PUM2,2.7758422,0.3546974,0.005505890871555452,0.3573069357975197,0.851063829787234,4/4,APOE4_vs_APOE3_LAM
YBX3,2.7599435,0.8538985,0.005781136213204091,0.3686330427517124,0.4308510638297872,4/4,APOE4_vs_APOE3_LAM
MAP3K8,2.7564938,0.94211805,0.005842473115609184,0.37125062240349255,0.42021276595744683,4/4,APOE4_vs_APOE3_LAM
PABPC4,2.752594,0.7601782,0.0059125164295694204,0.37426873177089187,0.46808510638297873,4/4,APOE4_vs_APOE3_LAM
GLUL,2.7405949,0.57333165,0.006132806325800225,0.38436103481269523,0.7606382978723404,4/4,APOE4_vs_APOE3_LAM
FBXO33,2.7357953,0.91667247,0.006222972561553263,0.38934533115454867,0.3829787234042553,4/4,APOE4_vs_APOE3_LAM
CD9,2.7336955,0.89862037,0.006262794243111773,0.39116814350193513,0.4095744680851064,4/4,APOE4_vs_APOE3_LAM
ZNF277,2.7324955,0.73364294,0.006285652343740667,0.3912604786279798,0.5106382978723404,4/4,APOE4_vs_APOE3_LAM
GPNMB,2.725596,0.69717115,0.006418549800844562,0.3941700356723353,0.7180851063829787,4/4,APOE4_vs_APOE3_LAM
CTDSPL2,2.7225962,0.58529526,0.0064771157727655446,0.3964363117039995,0.5585106382978723,4/4,APOE4_vs_APOE3_LAM
ELL,2.7159967,0.7218772,0.00660765627835612,0.4030780457401873,0.4787234042553192,4/4,APOE4_vs_APOE3_LAM
RNF149,2.6793995,0.37341762,0.007375433794659393,0.43822768233494874,0.7553191489361702,4/4,APOE4_vs_APOE3_LAM
CLASP2,2.6768496,0.362059,0.0074317965422982454,0.44086091611776024,0.7340425531914894,4/4,APOE4_vs_APOE3_LAM
GPAT4,2.6639507,0.7642734,0.007722888828842684,0.45220163959729665,0.4946808510638298,4/4,APOE4_vs_APOE3_LAM
UBA1,2.661851,0.80938303,0.007771231149605191,0.45220163959729665,0.43617021276595747,4/4,APOE4_vs_APOE3_LAM
PRELID2,2.6530015,0.91688734,0.007977952026639408,0.46129703337603306,0.40425531914893614,4/4,APOE4_vs_APOE3_LAM
HIST1H2AC,2.6504517,0.7051455,0.008038422619044049,0.4639471516795078,0.6648936170212766,4/4,APOE4_vs_APOE3_LAM
SLC2A13,2.646102,0.5048235,0.008142526013752902,0.46785650648252747,0.675531914893617,4/4,APOE4_vs_APOE3_LAM
PFKFB4,2.6396525,0.8189786,0.00829910796924947,0.4738777703315131,0.4946808510638298,4/4,APOE4_vs_APOE3_LAM
MTHFD1L,2.6341028,0.269588,0.008435991810684306,0.47944990102928,0.8457446808510638,4/4,APOE4_vs_APOE3_LAM
INPP4A,2.633353,0.4140858,0.00845464366887075,0.4796573785580383,0.7021276595744681,4/4,APOE4_vs_APOE3_LAM
LAPTM5,2.6240537,0.521553,0.008689009733919024,0.48702365278892834,0.6223404255319149,4/4,APOE4_vs_APOE3_LAM
MDM2,2.6218038,0.63314694,0.008746576359771371,0.48875334556334654,0.6117021276595744,4/4,APOE4_vs_APOE3_LAM
KMT2C,2.6167042,0.16925691,0.00887832425493951,0.49173277490769085,0.898936170212766,4/4,APOE4_vs_APOE3_LAM
BABAM2,2.6165543,0.37631467,0.008882225886928824,0.49173277490769085,0.7712765957446809,4/4,APOE4_vs_APOE3_LAM
SNX25,2.5756073,0.70792127,0.010006422801857739,0.530021824849197,0.46808510638297873,4/4,APOE4_vs_APOE3_LAM
HNRNPU,2.5744073,0.36069575,0.010041197138051027,0.531095168280066,0.8191489361702128,4/4,APOE4_vs_APOE3_LAM
EXOC3,2.5708077,0.9226995,0.010146166793106315,0.5327974903794609,0.35106382978723405,4/4,APOE4_vs_APOE3_LAM
DGKD,2.5550587,0.7716197,0.010616985760264559,0.5504140167300894,0.4308510638297872,4/4,APOE4_vs_APOE3_LAM
MT-ND2,2.552659,0.56056064,0.010690410543070567,0.5510981919534166,0.6063829787234043,4/4,APOE4_vs_APOE3_LAM
DTNA,2.5319605,0.2808116,0.01134267549747805,0.5766017581711029,0.7872340425531915,4/4,APOE4_vs_APOE3_LAM
ELMO1,2.5058625,0.25450933,0.012215311463622562,0.6082892719456454,0.9468085106382979,4/4,APOE4_vs_APOE3_LAM
ELF2,2.5027127,0.32202226,0.012324553453723743,0.610407281406959,0.7180851063829787,4/4,APOE4_vs_APOE3_LAM
CERK,2.5027127,0.5946976,0.012324553453723743,0.610407281406959,0.5159574468085106,4/4,APOE4_vs_APOE3_LAM
TAOK1,2.4955132,0.2426164,0.012577505155216986,0.6162640778930347,0.7606382978723404,4/4,APOE4_vs_APOE3_LAM
CHKA,2.4865139,0.38311183,0.012900151512771517,0.6237231777000664,0.675531914893617,4/4,APOE4_vs_APOE3_LAM
PTPRG,2.4794645,0.7841033,0.01315798390163586,0.6311865908044221,0.526595744680851,4/4,APOE4_vs_APOE3_LAM
NR4A3,2.4775145,0.87727344,0.013230099047189862,0.6338152555316703,0.3882978723404255,4/4,APOE4_vs_APOE3_LAM
CYTH1,2.4683652,0.2740012,0.01357317258091906,0.6451840125119721,0.7819148936170213,4/4,APOE4_vs_APOE3_LAM
TUBGCP2,2.4628158,0.8402393,0.013785074871285464,0.6535589706786519,0.3776595744680851,4/4,APOE4_vs_APOE3_LAM
UBR5,2.447217,0.23548256,0.01439641805103353,0.6661482896155224,0.776595744680851,4/4,APOE4_vs_APOE3_LAM
USP37,2.4403174,0.54450476,0.014674362552449626,0.6741774235224915,0.5904255319148937,4/4,APOE4_vs_APOE3_LAM
CHST11,2.4389675,0.2114863,0.014729292925152307,0.6755724941773178,0.9574468085106383,4/4,APOE4_vs_APOE3_LAM
SNX13,2.4362676,0.27155045,0.01483969761287282,0.6778035000872162,0.7712765957446809,4/4,APOE4_vs_APOE3_LAM
HPS3,2.435068,0.48640025,0.014888999988678209,0.6786454403307735,0.6382978723404256,4/4,APOE4_vs_APOE3_LAM
CAST,2.434018,0.45556188,0.014932257898249259,0.6792085889953429,0.6648936170212766,4/4,APOE4_vs_APOE3_LAM
AQP9,2.4268184,1.7839272,0.015231877765203147,0.6877095808582395,0.18617021276595744,4/4,APOE4_vs_APOE3_LAM
ENO1,2.4206688,0.45108354,0.015491981947798552,0.6951666723625948,0.6595744680851063,4/4,APOE4_vs_APOE3_LAM
DIRC3,2.4205189,0.9303864,0.015498374488343961,0.6951666723625948,0.35638297872340424,4/4,APOE4_vs_APOE3_LAM
NIPBL,2.4118195,0.16066219,0.01587313626785783,0.7033914708870531,0.8829787234042553,4/4,APOE4_vs_APOE3_LAM
PARVB,2.4110696,0.5990562,0.015905813373953668,0.7033914708870531,0.5212765957446809,4/4,APOE4_vs_APOE3_LAM
ALOX15B,2.4002705,0.79592353,0.01638296506307486,0.7158456673644876,0.3829787234042553,4/4,APOE4_vs_APOE3_LAM
FBXO42,2.3990705,0.46506378,0.016436750451269168,0.7159269194098459,0.723404255319149,4/4,APOE4_vs_APOE3_LAM
FAM118A,2.3944209,0.7899106,0.016646636701869878,0.7193430341501056,0.39893617021276595,4/4,APOE4_vs_APOE3_LAM
RAB31,2.3864715,0.31978163,0.017010929193729228,0.7307711495536191,0.824468085106383,4/4,APOE4_vs_APOE3_LAM
CMTM7,2.3852715,0.5514462,0.017066520098242145,0.7314422741402351,0.5851063829787234,4/4,APOE4_vs_APOE3_LAM
SAP30,2.3825717,0.7526055,0.017192182776121872,0.734248636859786,0.4095744680851064,4/4,APOE4_vs_APOE3_LAM
TOP2B,2.3797219,0.5705295,0.017325706554111434,0.7360498502500195,0.5212765957446809,4/4,APOE4_vs_APOE3_LAM
SULF2,2.379422,0.88143176,0.017339814455159176,0.7360498502500195,0.35638297872340424,4/4,APOE4_vs_APOE3_LAM
ARID4B,2.3786721,0.2987115,0.01737512829201434,0.7360498502500195,0.8085106382978723,4/4,APOE4_vs_APOE3_LAM
OXR1,2.3755221,0.295502,0.017524136009246235,0.7380907964032467,0.8563829787234043,4/4,APOE4_vs_APOE3_LAM
ZBTB1,2.3729725,0.45148352,0.01764558064637464,0.7406489647224291,0.6861702127659575,4/4,APOE4_vs_APOE3_LAM
CERT1,2.3689227,0.40613142,0.01783997967728719,0.7453893791876581,0.7340425531914894,4/4,APOE4_vs_APOE3_LAM
ASAH1,2.364273,0.39430135,0.018065490380552572,0.7513806970665963,0.7978723404255319,4/4,APOE4_vs_APOE3_LAM
ASCC3,2.3618731,0.44818175,0.018182856880545,0.7530302329714582,0.6914893617021277,4/4,APOE4_vs_APOE3_LAM
WIPI1,2.3606734,0.86557823,0.01824179011035971,0.7530302329714582,0.3404255319148936,4/4,APOE4_vs_APOE3_LAM
REV3L,2.3590236,0.47334316,0.018323096339057935,0.7552293345786706,0.6861702127659575,4/4,APOE4_vs_APOE3_LAM
NEK7,2.3549738,0.46766824,0.01852401252171793,0.7600867514656927,0.648936170212766,4/4,APOE4_vs_APOE3_LAM
KMT2E,2.3480742,0.2640205,0.01887075655022797,0.767740830786129,0.8723404255319149,4/4,APOE4_vs_APOE3_LAM
WBP1L,2.3479242,0.5843295,0.018878357086077324,0.767740830786129,0.574468085106383,4/4,APOE4_vs_APOE3_LAM
HECTD1,2.338175,0.5153823,0.01937816970989003,0.7785514704189735,0.6702127659574468,4/4,APOE4_vs_APOE3_LAM
CCNY,2.3366752,0.3155614,0.019456081445120833,0.7799693723689678,0.8882978723404256,4/4,APOE4_vs_APOE3_LAM
NLRP3,2.3104272,1.0626482,0.02086451923881778,0.8158784921580872,0.2765957446808511,4/4,APOE4_vs_APOE3_LAM
STAT3,2.3072774,0.3752433,0.021039363217062908,0.8200870427132263,0.7872340425531915,4/4,APOE4_vs_APOE3_LAM
SUPT3H,2.3009777,0.54060584,0.021392884570057093,0.8294501781235801,0.574468085106383,4/4,APOE4_vs_APOE3_LAM
AFMID,2.297528,1.2034426,0.02158866296603346,0.8333134408218956,0.2393617021276596,4/4,APOE4_vs_APOE3_LAM
AKAP10,2.2970781,0.36748785,0.021614313917802015,0.8333134408218956,0.7606382978723404,4/4,APOE4_vs_APOE3_LAM
PARP8,2.2931783,0.36675066,0.021837735723413135,0.8358568824625594,0.6436170212765957,4/4,APOE4_vs_APOE3_LAM
NPL,2.2828293,0.37768203,0.022440432274458737,0.8474118324158311,0.8457446808510638,4/4,APOE4_vs_APOE3_LAM
SCAF11,2.258531,0.2768625,0.02391257410326737,0.8813938819271793,0.7978723404255319,4/4,APOE4_vs_APOE3_LAM
ADAM8,2.2552311,2.0189545,0.024118817544338894,0.8852961121090228,0.1595744680851064,4/4,APOE4_vs_APOE3_LAM
RCOR1,2.2547812,0.44761348,0.024147060803473144,0.8852961121090228,0.675531914893617,4/4,APOE4_vs_APOE3_LAM
ZBTB16,2.2531314,0.5981435,0.024250864881272066,0.8852961121090228,0.6223404255319149,4/4,APOE4_vs_APOE3_LAM
ODF2L,2.2522314,0.862204,0.024307648159947678,0.8857575769046355,0.32978723404255317,4/4,APOE4_vs_APOE3_LAM
DUT,2.2516315,1.0396663,0.024345567672087193,0.8857575769046355,0.26063829787234044,4/4,APOE4_vs_APOE3_LAM
ZNF496,2.2235837,1.1997026,0.026176471931512704,0.9290936908705735,0.21808510638297873,4/4,APOE4_vs_APOE3_LAM
NEDD4L,2.2208838,0.46953434,0.026358831561390492,0.9306962010097654,0.8297872340425532,4/4,APOE4_vs_APOE3_LAM
HIVEP2,2.2201338,0.4968293,0.026409681420665403,0.9306962010097654,0.6063829787234043,4/4,APOE4_vs_APOE3_LAM
C5AR1,2.2111344,0.6166156,0.02702652124936434,0.9420930516647468,0.48404255319148937,4/4,APOE4_vs_APOE3_LAM
KDM6A,2.2061849,0.25951058,0.02737105488818382,0.9479784652134299,0.7287234042553191,4/4,APOE4_vs_APOE3_LAM
DENND3,2.205735,0.32924932,0.027402563214005325,0.9479784652134299,0.8085106382978723,4/4,APOE4_vs_APOE3_LAM
TMEM268,2.2018352,0.80040294,0.027676948623526654,0.9511774615677926,0.34574468085106386,4/4,APOE4_vs_APOE3_LAM
PDCD4,2.1959858,0.5761371,0.028092968326416074,0.9600660445519652,0.5053191489361702,4/4,APOE4_vs_APOE3_LAM
ENPP4,2.1940358,1.2271165,0.028232834068220813,0.9621508004943669,0.22340425531914893,4/4,APOE4_vs_APOE3_LAM
PER1,2.1914861,0.5086168,0.028416640511009426,0.9660857631932587,0.5851063829787234,4/4,APOE4_vs_APOE3_LAM
MIER1,2.1887863,0.53479654,0.028612381816951905,0.968771310714391,0.4734042553191489,4/4,APOE4_vs_APOE3_LAM
CSGALNACT2,2.1824868,0.71409774,0.029073632475921714,0.9780551675103039,0.3829787234042553,4/4,APOE4_vs_APOE3_LAM
SLC36A4,2.1703377,0.54817116,0.029981280205039096,0.9987201539689713,0.5106382978723404,4/4,APOE4_vs_APOE3_LAM
SMARCC1,2.1698875,0.48370525,0.03001535939908386,0.9987201539689713,0.6808510638297872,4/4,APOE4_vs_APOE3_LAM
PPP6R3,2.1686878,0.3032125,0.030106400072336947,1.0,0.8563829787234043,4/4,APOE4_vs_APOE3_LAM
CCDC47,2.1677878,0.7114874,0.03017483622454729,1.0,0.3723404255319149,4/4,APOE4_vs_APOE3_LAM
FOXK2,2.1617882,0.49341252,0.03063450240202277,1.0,0.5531914893617021,4/4,APOE4_vs_APOE3_LAM
RALGAPA1,2.1551888,0.32550672,0.03114706821499061,1.0,0.6861702127659575,4/4,APOE4_vs_APOE3_LAM
ETV6,2.151889,0.38233376,0.0314060993889118,1.0,0.9148936170212766,4/4,APOE4_vs_APOE3_LAM
KDM2A,2.1479893,0.22276644,0.03171460771360705,1.0,0.8351063829787234,4/4,APOE4_vs_APOE3_LAM
C20orf194,2.1463394,0.33226913,0.031845910691532475,1.0,0.723404255319149,4/4,APOE4_vs_APOE3_LAM
ZNF141,2.13839,0.63751864,0.0324851042033174,1.0,0.4095744680851064,4/4,APOE4_vs_APOE3_LAM
ANKRD11,2.13749,0.11526561,0.03255815353093978,1.0,0.8829787234042553,4/4,APOE4_vs_APOE3_LAM
SLC7A5,2.110192,0.60434604,0.03484181270637618,1.0,0.5425531914893617,4/4,APOE4_vs_APOE3_LAM
DENND1A,2.1062925,0.22720751,0.03517896176857362,1.0,0.8563829787234043,4/4,APOE4_vs_APOE3_LAM
GNS,2.1034427,0.68386084,0.03542709744119204,1.0,0.40425531914893614,4/4,APOE4_vs_APOE3_LAM
PPA2,2.0962431,0.4927696,0.03606062749651123,1.0,0.5691489361702128,4/4,APOE4_vs_APOE3_LAM
UST,2.095343,0.5108574,0.03614049381187788,1.0,0.5212765957446809,4/4,APOE4_vs_APOE3_LAM
LARP4B,2.0947433,0.33543342,0.0361938217549093,1.0,0.75,4/4,APOE4_vs_APOE3_LAM
PELI1,2.0858939,0.23060432,0.03698823330890987,1.0,0.75,4/4,APOE4_vs_APOE3_LAM
TNRC6B,2.0821443,0.38636214,0.03732930039181711,1.0,0.8829787234042553,4/4,APOE4_vs_APOE3_LAM
SLC16A10,2.0791445,1.6702633,0.03760407805247067,1.0,0.20212765957446807,4/4,APOE4_vs_APOE3_LAM
TIMP2,2.0785444,0.44921565,0.03765923961682816,1.0,0.5904255319148937,4/4,APOE4_vs_APOE3_LAM
LSM14A,2.0699952,0.36241433,0.03845280256429316,1.0,0.6595744680851063,4/4,APOE4_vs_APOE3_LAM
NKD1,2.0617456,1.3889818,0.03923195076990295,1.0,0.18085106382978725,4/4,APOE4_vs_APOE3_LAM
ASAP1,2.0617456,0.3456872,0.03923195076990295,1.0,0.7446808510638298,4/4,APOE4_vs_APOE3_LAM
KLHL24,2.057246,0.414018,0.03966256281840809,1.0,0.6223404255319149,4/4,APOE4_vs_APOE3_LAM
PSAP,2.0543964,0.26839936,0.039937353279960584,1.0,0.8138297872340425,4/4,APOE4_vs_APOE3_LAM
MTRNR2L12,2.0515466,0.7167202,0.04021375724485965,1.0,0.39361702127659576,4/4,APOE4_vs_APOE3_LAM
PPIG,2.043297,0.5034052,0.04102303593527203,1.0,0.5212765957446809,4/4,APOE4_vs_APOE3_LAM
MT-CO1,2.0426972,0.32862118,0.041082427065518144,1.0,0.7446808510638298,4/4,APOE4_vs_APOE3_LAM
UBA2,2.0375974,0.40563828,0.04159019904153317,1.0,0.5425531914893617,4/4,APOE4_vs_APOE3_LAM
DYM,2.032498,0.35503563,0.04210327475714458,1.0,0.8031914893617021,4/4,APOE4_vs_APOE3_LAM
HIPK3,2.0266483,0.34544924,0.04269838796913614,1.0,0.6170212765957447,4/4,APOE4_vs_APOE3_LAM
MT1X,2.0230486,1.4977224,0.04306813494585572,1.0,0.18085106382978725,4/4,APOE4_vs_APOE3_LAM
TNS1,2.017949,1.0578144,0.0435965728255553,1.0,0.2393617021276596,4/4,APOE4_vs_APOE3_LAM
CYLD,2.0165992,0.474645,0.043737366656002835,1.0,0.5425531914893617,4/4,APOE4_vs_APOE3_LAM
INAFM2,2.0128493,1.2718785,0.04413047680296528,1.0,0.18617021276595744,4/4,APOE4_vs_APOE3_LAM
ST6GALNAC3,2.0063999,0.48065272,0.04481360253573799,1.0,0.6648936170212766,4/4,APOE4_vs_APOE3_LAM
CLK1,2.00595,0.30667856,0.04486159349284438,1.0,0.6595744680851063,4/4,APOE4_vs_APOE3_LAM
TRA2A,2.0025,0.33754417,0.045230966075830624,1.0,0.7127659574468085,4/4,APOE4_vs_APOE3_LAM
CMTM6,1.9996504,0.4974963,0.04553803063147544,1.0,0.5,4/4,APOE4_vs_APOE3_LAM
MAFF,1.9966506,0.9987316,0.0458631524161848,1.0,0.24468085106382978,4/4,APOE4_vs_APOE3_LAM
TREML4,1.9960506,2.198007,0.04592841087185412,1.0,0.1276595744680851,4/4,APOE4_vs_APOE3_LAM
SLC2A9,1.9957507,0.70793486,0.04596106941898171,1.0,0.3670212765957447,4/4,APOE4_vs_APOE3_LAM
IFRD1,1.9920009,0.5500795,0.046370954292731775,1.0,0.4946808510638298,4/4,APOE4_vs_APOE3_LAM
ZNRF1,1.9902011,1.1094688,0.04656878952975178,1.0,0.22340425531914893,4/4,APOE4_vs_APOE3_LAM
SLC19A2,1.9897511,0.98397964,0.04661835919208252,1.0,0.26063829787234044,4/4,APOE4_vs_APOE3_LAM
ARL17A,1.9879513,1.0400512,0.04681708214493785,1.0,0.22340425531914893,4/4,APOE4_vs_APOE3_LAM
TBC1D2,1.9804518,0.7955097,0.04765278336235445,1.0,0.2978723404255319,4/4,APOE4_vs_APOE3_LAM
PNISR,1.9749023,0.19561918,0.04827924502260614,1.0,0.7819148936170213,4/4,APOE4_vs_APOE3_LAM
ZBTB20,1.9741523,0.32664463,0.04836443026126548,1.0,0.7978723404255319,4/4,APOE4_vs_APOE3_LAM
PFKP,1.9710025,0.5403102,0.04872358810040056,1.0,0.48936170212765956,4/4,APOE4_vs_APOE3_LAM
GPI,1.9704026,0.47189566,0.048792252390895664,1.0,0.6117021276595744,4/4,APOE4_vs_APOE3_LAM
MLLT10,1.9692026,0.287036,0.04892982470227552,1.0,0.7393617021276596,4/4,APOE4_vs_APOE3_LAM
YTHDC1,1.965153,0.44696188,0.04939653732182055,1.0,0.5851063829787234,4/4,APOE4_vs_APOE3_LAM
RGS1,1.9617032,0.3987673,0.04979704776108953,1.0,0.8351063829787234,4/4,APOE4_vs_APOE3_LAM
SNAPC1,1.9464043,0.7277647,0.051606186760752855,1.0,0.34574468085106386,4/4,APOE4_vs_APOE3_LAM
SLC35E1,1.9429547,0.73323756,0.05202164228311994,1.0,0.32978723404255317,4/4,APOE4_vs_APOE3_LAM
DHRSX,1.9392049,0.52212256,0.052476393847229484,1.0,0.5106382978723404,4/4,APOE4_vs_APOE3_LAM
NUMB,1.9360552,0.11084902,0.052860949169849236,1.0,0.8297872340425532,4/4,APOE4_vs_APOE3_LAM
DCAF6,1.925556,0.3409631,0.054159847706288525,1.0,0.7446808510638298,4/4,APOE4_vs_APOE3_LAM
XIST,1.9207562,0.447166,0.05476244125808259,1.0,0.4946808510638298,4/4,APOE4_vs_APOE3_LAM
HPRT1,1.9171566,0.57089347,0.05521804686774708,1.0,0.4308510638297872,4/4,APOE4_vs_APOE3_LAM
PIK3C3,1.911307,0.41793445,0.05596514230650877,1.0,0.5797872340425532,4/4,APOE4_vs_APOE3_LAM
UBA6-AS1,1.9026077,0.81216496,0.05709176239162191,1.0,0.30319148936170215,4/4,APOE4_vs_APOE3_LAM
ARL8B,1.8951082,0.33514547,0.05807806926836284,1.0,0.648936170212766,4/4,APOE4_vs_APOE3_LAM
ZC3H3,1.8898586,0.66531146,0.05877687546838924,1.0,0.3617021276595745,4/4,APOE4_vs_APOE3_LAM
AC011586.2,1.8883587,1.8650995,0.05897781192418419,1.0,0.14361702127659576,4/4,APOE4_vs_APOE3_LAM
GPBP1,1.8829591,0.24885541,0.05970591047713227,1.0,0.7606382978723404,4/4,APOE4_vs_APOE3_LAM
SNTB1,1.8808593,1.9679453,0.059991066314598225,1.0,0.13297872340425532,4/4,APOE4_vs_APOE3_LAM
FLT1,1.8751597,0.5232128,0.060770758264159536,1.0,0.5797872340425532,4/4,APOE4_vs_APOE3_LAM
HMBOX1,1.8675103,0.24696319,0.06183036547063787,1.0,0.6595744680851063,4/4,APOE4_vs_APOE3_LAM
GALNT2,1.8661604,0.27867296,0.06201893312391965,1.0,0.648936170212766,4/4,APOE4_vs_APOE3_LAM
ANKRD12,1.8651104,0.026711296,0.062165925637533606,1.0,0.824468085106383,4/4,APOE4_vs_APOE3_LAM
FAM49A,1.8600109,0.40572938,0.06288399507026228,1.0,0.6702127659574468,4/4,APOE4_vs_APOE3_LAM
WAC,1.8549112,0.14059703,0.06360890803006607,1.0,0.8085106382978723,4/4,APOE4_vs_APOE3_LAM
CSNK1A1,1.8469619,0.16707641,0.06475267728968782,1.0,0.7978723404255319,4/4,APOE4_vs_APOE3_LAM
PTPN1,1.8421621,0.4993101,0.06545143417841921,1.0,0.5212765957446809,4/4,APOE4_vs_APOE3_LAM
CSF2RA,1.8396124,0.40520254,0.06582517036751259,1.0,0.6968085106382979,4/4,APOE4_vs_APOE3_LAM
THOC2,1.8325629,0.37723663,0.06686760345980586,1.0,0.5797872340425532,4/4,APOE4_vs_APOE3_LAM
P2RY8,1.8265634,1.4393175,0.06776545212078476,1.0,0.14893617021276595,4/4,APOE4_vs_APOE3_LAM
NADK2,1.8238635,0.8385446,0.06817270713538129,1.0,0.25,4/4,APOE4_vs_APOE3_LAM
CARD19,1.8184639,0.80930954,0.06899325497047654,1.0,0.2553191489361702,4/4,APOE4_vs_APOE3_LAM
CPVL,1.817414,0.39285293,0.06915374443919928,1.0,0.648936170212766,4/4,APOE4_vs_APOE3_LAM
ST18,1.8070648,1.1060821,0.07075217895673187,1.0,0.24468085106382978,4/4,APOE4_vs_APOE3_LAM
ZC4H2,1.805115,1.257525,0.07105669949987316,1.0,0.17553191489361702,4/4,APOE4_vs_APOE3_LAM
HPS5,1.7869663,0.5770268,0.0739429377116449,1.0,0.3882978723404255,4/4,APOE4_vs_APOE3_LAM
SESTD1,1.7857664,0.9527602,0.07413709303130385,1.0,0.22340425531914893,4/4,APOE4_vs_APOE3_LAM
ADM,1.7734673,0.790864,0.07615130633998497,1.0,0.2553191489361702,4/4,APOE4_vs_APOE3_LAM
MAX,1.7700175,0.41862142,0.07672421642376573,1.0,0.526595744680851,4/4,APOE4_vs_APOE3_LAM
HBP1,1.7677677,0.41795886,0.07709974297717748,1.0,0.5212765957446809,4/4,APOE4_vs_APOE3_LAM
RIN3,1.7673178,0.11654126,0.0771750277395397,1.0,0.8191489361702128,4/4,APOE4_vs_APOE3_LAM
MSI2,1.7553186,0.32124543,0.07920481740308236,1.0,0.7021276595744681,4/4,APOE4_vs_APOE3_LAM
SOAT1,1.7547187,0.4093209,0.07930743590338205,1.0,0.6170212765957447,4/4,APOE4_vs_APOE3_LAM
RPS6KA2,1.750519,0.28403962,0.08002879619373918,1.0,0.8670212765957447,4/4,APOE4_vs_APOE3_LAM
SNX14,1.7388198,0.2758501,0.08206644902702827,1.0,0.5957446808510638,4/4,APOE4_vs_APOE3_LAM
FGFR1,1.7215712,0.9501263,0.08514722771533115,1.0,0.2553191489361702,4/4,APOE4_vs_APOE3_LAM
ARHGAP24,1.7208213,0.10016098,0.08528326770480486,1.0,0.9840425531914894,4/4,APOE4_vs_APOE3_LAM
SPIDR,1.7199214,0.154408,0.08544674759713118,1.0,0.8191489361702128,4/4,APOE4_vs_APOE3_LAM
SEMA5A,1.7185714,1.2824267,0.08569244232720735,1.0,0.18617021276595744,4/4,APOE4_vs_APOE3_LAM
SSH2,1.7167715,0.08402372,0.08602092312702786,1.0,0.925531914893617,4/4,APOE4_vs_APOE3_LAM
PRKY,1.7157216,0.92715454,0.08621300624742674,1.0,0.21808510638297873,4/4,APOE4_vs_APOE3_LAM
ACVR1B,1.7152716,0.63631546,0.0862954335786195,1.0,0.31382978723404253,4/4,APOE4_vs_APOE3_LAM
GYS1,1.7146717,0.60663295,0.08640543569295943,1.0,0.35106382978723405,4/4,APOE4_vs_APOE3_LAM
PAN3,1.7133218,0.037452575,0.0866533545288943,1.0,0.7872340425531915,4/4,APOE4_vs_APOE3_LAM
MTCL1,1.7118219,1.0001587,0.08692949321221273,1.0,0.2074468085106383,4/4,APOE4_vs_APOE3_LAM
SLC25A26,1.7085222,0.46552896,0.08753949888271916,1.0,0.4148936170212766,4/4,APOE4_vs_APOE3_LAM
UBE2R2,1.7053723,0.16053261,0.08812499400250218,1.0,0.6861702127659575,4/4,APOE4_vs_APOE3_LAM
PIK3CB,1.7017727,0.46726966,0.08879799330820172,1.0,0.44680851063829785,4/4,APOE4_vs_APOE3_LAM
IGSF21,1.7007227,0.3901559,0.08899506301032739,1.0,0.5585106382978723,4/4,APOE4_vs_APOE3_LAM
JARID2,1.6999727,0.26180732,0.08913604269620078,1.0,0.7393617021276596,4/4,APOE4_vs_APOE3_LAM
CTSB,1.6993729,0.21586312,0.08924895592781841,1.0,0.9148936170212766,4/4,APOE4_vs_APOE3_LAM
MT-CO3,1.6987729,0.16004914,0.08936198433853139,1.0,0.6861702127659575,4/4,APOE4_vs_APOE3_LAM
ZMIZ1,1.696823,0.18030486,0.08973012305671679,1.0,0.6436170212765957,4/4,APOE4_vs_APOE3_LAM
JMY,1.696823,0.61834824,0.08973012305671679,1.0,0.3351063829787234,4/4,APOE4_vs_APOE3_LAM
VAPA,1.6963731,0.15771842,0.08981525130755948,1.0,0.6436170212765957,4/4,APOE4_vs_APOE3_LAM
UGP2,1.6944232,0.43929335,0.09018489196887415,1.0,0.4946808510638298,4/4,APOE4_vs_APOE3_LAM
SERPINB6,1.6876737,0.28084657,0.09147387995632161,1.0,0.5585106382978723,4/4,APOE4_vs_APOE3_LAM
RB1CC1,1.6827241,0.33346835,0.09242851669350571,1.0,0.5319148936170213,4/4,APOE4_vs_APOE3_LAM
TESK2,1.6818242,0.9511957,0.09260294355821774,1.0,0.21808510638297873,4/4,APOE4_vs_APOE3_LAM
AGFG1,1.6800243,0.25304303,0.09295259014581707,1.0,0.6436170212765957,4/4,APOE4_vs_APOE3_LAM
CCL20,1.6690751,1.3292154,0.095102495769633,1.0,0.15425531914893617,4/4,APOE4_vs_APOE3_LAM
BNIP3,1.6675752,0.57227767,0.0954000807852542,1.0,0.35106382978723405,4/4,APOE4_vs_APOE3_LAM
GSPT1,1.6671252,0.4787512,0.09548950155818337,1.0,0.4521276595744681,4/4,APOE4_vs_APOE3_LAM
SHC3,1.6663753,0.78889304,0.09563868531604205,1.0,0.2872340425531915,4/4,APOE4_vs_APOE3_LAM
LGALS8,1.6627756,0.4840883,0.09635736675501767,1.0,0.40425531914893614,4/4,APOE4_vs_APOE3_LAM
PHC3,1.6492766,0.25549695,0.0990909834851033,1.0,0.6702127659574468,4/4,APOE4_vs_APOE3_LAM
RAD51B,1.6296281,0.24867596,0.10318013031219861,1.0,0.723404255319149,4/4,APOE4_vs_APOE3_LAM
CTTNBP2NL,1.6240785,0.2586726,0.10435906130243604,1.0,0.6170212765957447,4/4,APOE4_vs_APOE3_LAM
OSBPL8,1.6233286,0.23820105,0.10451919363234054,1.0,0.6436170212765957,4/4,APOE4_vs_APOE3_LAM
ZFAND5,1.6201788,0.44363526,0.1051938812398466,1.0,0.4734042553191489,4/4,APOE4_vs_APOE3_LAM
RHOT1,1.6149292,0.20745125,0.10632603674699333,1.0,0.6063829787234043,4/4,APOE4_vs_APOE3_LAM
LRRK2,1.6108794,0.33472267,0.1072059971583368,1.0,0.5797872340425532,4/4,APOE4_vs_APOE3_LAM
LUCAT1,1.6104295,0.63537425,0.10730412562391067,1.0,0.3670212765957447,4/4,APOE4_vs_APOE3_LAM
AL078590.2,1.6057799,0.46858582,0.10832229079580764,1.0,0.425531914893617,4/4,APOE4_vs_APOE3_LAM
XAF1,1.5813317,0.5626231,0.11380222118322973,1.0,0.3351063829787234,4/4,APOE4_vs_APOE3_LAM
SIRPB2,1.5792319,0.6938627,0.11428289144761175,1.0,0.26063829787234044,4/4,APOE4_vs_APOE3_LAM
U2AF1,1.5784819,1.848753,0.11445494616912599,1.0,0.11170212765957446,4/4,APOE4_vs_APOE3_LAM
NEMF,1.5778819,0.22416897,0.11459273667129835,1.0,0.6063829787234043,4/4,APOE4_vs_APOE3_LAM
PRKRIP1,1.5751821,0.37830168,0.11521440996365663,1.0,0.48936170212765956,4/4,APOE4_vs_APOE3_LAM
CSF3R,1.5748821,0.37292054,0.11528364819420607,1.0,0.5106382978723404,4/4,APOE4_vs_APOE3_LAM
G3BP2,1.5579334,0.49603572,0.11924903090503801,1.0,0.3882978723404255,4/4,APOE4_vs_APOE3_LAM
LINC02245,1.5577835,0.44606647,0.11928459397272063,1.0,0.4308510638297872,4/4,APOE4_vs_APOE3_LAM
SNX9,1.5567335,0.18407118,0.11953376819833117,1.0,0.7074468085106383,4/4,APOE4_vs_APOE3_LAM
CNOT2,1.5555336,0.1969441,0.11981903786092857,1.0,0.6808510638297872,4/4,APOE4_vs_APOE3_LAM
GNG7,1.5550836,0.23925115,0.11992615135504671,1.0,0.7074468085106383,4/4,APOE4_vs_APOE3_LAM
UBE2V2,1.5517839,0.5643163,0.12071394326929999,1.0,0.3404255319148936,4/4,APOE4_vs_APOE3_LAM
CCDC91,1.5487841,0.24154817,0.12143362687705238,1.0,0.7393617021276596,4/4,APOE4_vs_APOE3_LAM
PIK3R1,1.5471343,0.30295667,0.12183088082809827,1.0,0.7659574468085106,4/4,APOE4_vs_APOE3_LAM
AZI2,1.5450344,0.81300473,0.1223379453988656,1.0,0.22872340425531915,4/4,APOE4_vs_APOE3_LAM
HMOX1,1.5424845,0.5583515,0.12295588218372552,1.0,0.39361702127659576,4/4,APOE4_vs_APOE3_LAM
BBX,1.5417347,0.13361514,0.12313809148618708,1.0,0.6968085106382979,4/4,APOE4_vs_APOE3_LAM
MROH7,1.5381349,0.98501563,0.1240156328902875,1.0,0.18085106382978725,4/4,APOE4_vs_APOE3_LAM
NFAM1,1.5352851,0.78512985,0.12471380784721925,1.0,0.22340425531914893,4/4,APOE4_vs_APOE3_LAM
KAT6A,1.5303355,0.04160902,0.12593370806039011,1.0,0.6968085106382979,4/4,APOE4_vs_APOE3_LAM
SMAP2,1.5204363,0.35022172,0.128401374609526,1.0,0.9148936170212766,4/4,APOE4_vs_APOE3_LAM
TSNAX,1.5196863,0.48299775,0.12858983991725126,1.0,0.3723404255319149,4/4,APOE4_vs_APOE3_LAM
ATRN,1.5193863,0.23313923,0.12866528620805578,1.0,0.5585106382978723,4/4,APOE4_vs_APOE3_LAM
SLC22A23,1.5166866,0.5093192,0.12934585166074353,1.0,0.4095744680851064,4/4,APOE4_vs_APOE3_LAM
FAM111A,1.5147367,1.0014582,0.12983910744802318,1.0,0.18617021276595744,4/4,APOE4_vs_APOE3_LAM
RIOK3,1.5111369,0.35629633,0.13075356840744728,1.0,0.48404255319148937,4/4,APOE4_vs_APOE3_LAM
SATB1,1.509487,1.0554045,0.13117436240006708,1.0,0.1702127659574468,4/4,APOE4_vs_APOE3_LAM
PAM,1.5028875,0.4894447,0.13286804580795056,1.0,0.4308510638297872,4/4,APOE4_vs_APOE3_LAM
RIC1,1.4994378,0.2025114,0.13376009320808765,1.0,0.6170212765957447,4/4,APOE4_vs_APOE3_LAM
AVPI1,1.497038,1.3026958,0.13438337563443503,1.0,0.13297872340425532,4/4,APOE4_vs_APOE3_LAM
IFI44L,1.4860888,0.7176627,0.13725563433277296,1.0,0.23404255319148937,4/4,APOE4_vs_APOE3_LAM
SUMF1,1.4854889,0.3795517,0.13741437618051158,1.0,0.601063829787234,4/4,APOE4_vs_APOE3_LAM
ATP11B,1.483389,0.23892088,0.13797108771192593,1.0,0.648936170212766,4/4,APOE4_vs_APOE3_LAM
THBD,1.4743897,1.7297825,0.14037670266325172,1.0,0.10638297872340426,4/4,APOE4_vs_APOE3_LAM
TES,1.47109,1.2967802,0.1412668000169847,1.0,0.13297872340425532,4/4,APOE4_vs_APOE3_LAM
PPP1R3B,1.46974,0.595948,0.14163217847448334,1.0,0.30319148936170215,4/4,APOE4_vs_APOE3_LAM
CRBN,1.4667403,0.5176786,0.1424467296656689,1.0,0.32978723404255317,4/4,APOE4_vs_APOE3_LAM
NR4A2,1.4589409,0.53711253,0.14458139359364394,1.0,0.31382978723404253,4/4,APOE4_vs_APOE3_LAM
GTPBP1,1.4557911,0.62828726,0.14545038589337575,1.0,0.2553191489361702,4/4,APOE4_vs_APOE3_LAM
PAICS,1.4536912,0.85920864,0.14603193228680797,1.0,0.18617021276595744,4/4,APOE4_vs_APOE3_LAM
ZNF124,1.4535413,0.3778518,0.14607353931275996,1.0,0.5159574468085106,4/4,APOE4_vs_APOE3_LAM
SYAP1,1.4514414,0.62772876,0.14665699070339608,1.0,0.30319148936170215,4/4,APOE4_vs_APOE3_LAM
USP9Y,1.442742,0.5508272,0.14909315082269245,1.0,0.3351063829787234,4/4,APOE4_vs_APOE3_LAM
MAMLD1,1.4409422,1.2100941,0.14960101882505983,1.0,0.15425531914893617,4/4,APOE4_vs_APOE3_LAM
RIPK2,1.4400423,0.4745101,0.14985544729011285,1.0,0.39893617021276595,4/4,APOE4_vs_APOE3_LAM
NBPF14,1.4398923,0.9092299,0.14989788410561655,1.0,0.18085106382978725,4/4,APOE4_vs_APOE3_LAM
ECPAS,1.4370425,0.1953303,0.15070592630172838,1.0,0.601063829787234,4/4,APOE4_vs_APOE3_LAM
VDAC2,1.4356925,0.69214636,0.15108984006322626,1.0,0.24468085106382978,4/4,APOE4_vs_APOE3_LAM
NEMP1,1.4257933,0.79991114,0.15392801203457848,1.0,0.2074468085106383,4/4,APOE4_vs_APOE3_LAM
PTP4A2,1.4232435,0.3056093,0.15466557863780375,1.0,0.574468085106383,4/4,APOE4_vs_APOE3_LAM
KCNQ3,1.4209937,0.10286488,0.15531859938197282,1.0,0.8670212765957447,4/4,APOE4_vs_APOE3_LAM
BMPR2,1.4203937,0.14416869,0.155493091262061,1.0,0.6276595744680851,4/4,APOE4_vs_APOE3_LAM
